{
    "version": 3,
    "name": "zzt.zip",
    "items": [
        "ZZT.sh",
        "zzt/"
    ],
    "items_opt": null,
    "attr": {
        "title": "ZZT",
        "porter": [
            "ohol-vitaliy"
        ],
        "desc": "ZZT is a 1991 action-adventure puzzle video game and game creation system developed and published by Potomac Computer Systems for MS-DOS",
        "desc_md": null,
        "inst": "Game files are already included.",
        "inst_md": null,
        "genres": [
            "puzzle"
        ],
        "image": {},
        "rtr": true,
        "exp": false,
        "runtime": null,
        "reqs": [],
        "arch": [
            "aarch64"
        ]
    }
}