<?xml version="1.0" encoding="utf-8"?>
<gameList>
  <game>
    <path>./Gravity Defied.sh</path>
    <name>Gravity Defied</name>
    <desc>Gravity Defied is an iconic trial racing mobile game. It was originally developed by Codebrew Software in 2004 for J2ME platform.</desc>
    <releasedate>20040101T000000</releasedate>
    <developer>Codebrew Software</developer>
    <publisher>Codebrew Software</publisher>
    <genre>Racing</genre>
	<image>./gravitydefied/screenshot.png</image>
  </game>
</gameList>
