{
    "version": 3,
    "name": "gravitydefied.zip",
    "items": [
        "Gravity Defied.sh",
        "gravitydefied"
    ],
    "items_opt": null,
    "attr": {
        "title": "Gravity Defied",
        "porter": [
            "ohol-vitaliy",
            "Bamboozler"
        ],
        "desc": "Gravity Defied is an iconic trial racing mobile game. It was originally developed by Codebrew Software in 2004 for the J2ME platform.",
        "desc_md": null,
        "inst": "Game files are already included.",
        "inst_md": null,
        "genres": [
            "racing"
        ],
        "image": {},
        "rtr": true,
        "exp": false,
        "runtime": null,
        "reqs": [],
        "arch": [
            "aarch64"
        ]
    }
}